title,price,rating,reviews,availability
Fossil Men's CH2882 Decker Analog Display Analog Quartz Brown Watch,,4.3 out of 5 stars,"3,193 ratings",Currently unavailable.
Tillie Three-Hand Rose Gold-Tone Stainless Steel Watch,,4.3 out of 5 stars,315 ratings,Currently unavailable.
CH2573P Decker Chronograph Black Silicone Watch Fossil Watch 1 Pc Men,,4.4 out of 5 stars,944 ratings,Not Available
Fossil Men's Grant Sport Stainless Steel and Leather Chronograph Quartz Watch,,4.7 out of 5 stars,"1,447 ratings",
Fossil Men's Grant Stainless Steel Quartz Chronograph Watch,,4.7 out of 5 stars,"18,814 ratings",Currently unavailable.
Fossil Men's CH2885 Decker Analog Display Analog Quartz Brown Watch,,4.4 out of 5 stars,"1,415 ratings",Currently unavailable.
"Fossil Men's FB-01 Quartz Stainless Steel Chronograph Watch, Color: Silver/Black (Model: FS5837)",,4.5 out of 5 stars,85 ratings,Currently unavailable.
"Fossil Men's Gen 5E 44mm Stainless Steel Touchscreen Smartwatch with Alexa, Speaker, Heart Rate, Activity Tracking and Smartphone Notifications",,4.4 out of 5 stars,"4,501 ratings",Not Available
Fossil Men's Dean Stainless Steel Quartz Dress Chronograph Watch,,4.7 out of 5 stars,"2,853 ratings",Not Available
"Fossil Men's Neutra Automatic Stainless Steel Three-Hand Skeleton Watch, Color: Rose Gold/Silver (Model: ME3196)",,4.0 out of 5 stars,22 ratings,Currently unavailable.
Fossil Men's Grant Stainless Steel Quartz Chronograph Watch,,4.7 out of 5 stars,"18,814 ratings",Not Available
Fossil Men's Neutra Stainless Steel Mechanical Automatic Watch,,4.7 out of 5 stars,300 ratings,Currently unavailable.
Fossil Men's Copeland Stainless Steel and Leather Casual Quartz Watch,,4.7 out of 5 stars,"2,984 ratings",In Stock
Fossil Men's Machine Chronograph Analog Dial Watch Black,,Previous page of related Sponsored Products,,
Fossil Men's Blue Quartz Stainless Steel Dive-Inspired Casual Watch,,4.6 out of 5 stars,142 ratings,Temporarily out of stock.
Fossil Men's Townsman Stainless Steel and Leather Casual Quartz Chronograph Watch,,4.7 out of 5 stars,"4,246 ratings",Currently unavailable.
Fossil Men's Everett Stainless Steel Mechanical Automatic Watch,,4.4 out of 5 stars,43 ratings,Temporarily out of stock.
Fossil Men's Nate Stainless Steel Quartz Chronograph Watch,,4.6 out of 5 stars,"18,558 ratings",Not Available
Fossil Men's Nate Stainless Steel Quartz Chronograph Watch,,4.5 out of 5 stars,"18,558 ratings",Not Available
Fossil Machine Black Dial Stainless Steel Men's Watch FS4931,,4.5 out of 5 stars,393 ratings,
"Fossil Men's Neutra Automatic Stainless Steel and Eco Leather Three-Hand Skeleton Watch, Color: Rose Gold, Brown (Model: ME3195)",,4.0 out of 5 stars,35 ratings,Currently unavailable.
Fenmore Midsize Multifunction Brown Leather Watch,,4.3 out of 5 stars,54 ratings,Not Available
Fossil Men's Blue Quartz Stainless Steel Dive-Inspired Casual Watch,,4.6 out of 5 stars,142 ratings,Temporarily out of stock.
Fossil Men's Blue Quartz Stainless Steel Dive-Inspired Casual Watch,,4.6 out of 5 stars,142 ratings,Currently unavailable.
Fossil Men's Minimalist Stainless Steel Slim Casual Watch,,4.6 out of 5 stars,"8,172 ratings",Currently unavailable.
"Fossil Men's Minimalist Quartz Stainless Steel Chronograph Watch, Color: Silver (Model: FS5847)",,4.7 out of 5 stars,20 ratings,Currently unavailable.
Autocross Multifunction Black Stainless Steel Watch,,4.2 out of 5 stars,7 ratings,Currently unavailable.
Fossil Men's Minimalist Stainless Steel Slim Casual Watch,,4.5 out of 5 stars,"8,172 ratings",Not Available
Fossil Men's 'Luther' Stainless Steel Leather Watch,,4.2 out of 5 stars,"2,002 ratings",
Fossil Men's Everett Stainless Steel Dress Quartz Chronograph Watch,,4.5 out of 5 stars,363 ratings,Temporarily out of stock.
Bannon Multifunction Smoke Stainless Steel Watch,,4.5 out of 5 stars,85 ratings,Not Available
Rye Multifunction Rose Gold-Tone Stainless Steel Watch,,4.2 out of 5 stars,21 ratings,
Fossil Men's Grant Stainless Steel Quartz Chronograph Watch,,4.7 out of 5 stars,"18,814 ratings",Not Available
Fenmore Midsize Multifunction Smoke Stainless Steel Watch,,4.7 out of 5 stars,189 ratings,Not Available
"Fossil Men's Minimalist Quartz Stainless Steel Chronograph Watch, Color: Black (Model: FS5848)",,4.2 out of 5 stars,60 ratings,Not Available
Fossil Men's Nate Stainless Steel Quartz Chronograph Watch,,4.6 out of 5 stars,"18,558 ratings",Not Available
Fossil Men's Neutra Stainless Steel Quartz Chronograph Watch,,4.6 out of 5 stars,"5,530 ratings",Not Available
Rhett Chronograph Brown Leather Watch,,4.5 out of 5 stars,44 ratings,Not Available
